gender,age,annual Salary,credit card debt,net worth,car purchase amount
-1.0120728718702565,-0.5507491109199931,0.058576188130942904,0.5742713262934873,-1.1104694527333823,-0.825869722842922
-1.0120728718702565,-0.6738342154566003,0.38657041313205587,-0.009951499584105968,0.5739293736160996,0.08415654751525066
0.9880711436836102,-0.3875076788134455,-0.7123609549038852,0.44545179750562097,1.193976253297258,-0.11931260571231854
0.9880711436836102,1.5092056403429697,1.4747935803041432,1.3823690780109654,0.6755954217695538,2.1568203688167644
0.9880711436836102,1.3890658133093012,-0.2051108622046391,-1.2189621830782105,0.7431127451807378,1.0876443054397327
0.9880711436836102,1.3277355205726056,0.5450558014259057,1.3115963151249466,-0.017249072383485067,1.1523636383738973
0.9880711436836102,0.04587206109935826,-1.90842878145377,-1.0469024761181769,-0.6062565366173581,-1.4201380251629858
0.9880711436836102,0.4957222559444811,-0.8873844414052984,0.3953446028557016,1.1411693326104828,0.29967139110091584
-1.0120728718702565,0.04304047620460702,-0.3410959128495142,-1.7691787844647129,1.1454760343194883,0.3534355552902664
0.9880711436836102,-0.36606912801521024,-0.7415654936428525,0.939965118930023,0.260537751389737,-0.5593820255112725
0.9880711436836102,0.4878067573394476,0.9597832311297877,-0.3835495956341311,1.0455677664691705,1.3784763279940142
0.9880711436836102,0.8704792050848178,-0.5735350771689904,0.11685589334614423,-0.793785848001754,-0.17849073881758287
-1.0120728718702565,-0.23149022306698802,-2.1203902817063054,0.17519476438184226,-0.0032795111400689904,-1.4411065903865212
-1.0120728718702565,0.2828848470254809,0.528344873316864,-0.040350586719014085,-0.06433688206669295,0.46914037855684654
-1.0120728718702565,1.129510566937852,0.9107993238371709,0.2840158167589455,-1.6447027268003283,0.4924769806113053
0.9880711436836102,0.884230440398887,0.21682627212376573,0.4929829736717883,0.2881680665819766,0.8183553732985641
-1.0120728718702565,-0.18811911822442784,0.09687571237392872,0.5416147532345212,-0.35255183938565676,-0.22254130210800652
0.9880711436836102,0.23653733260454607,-0.8078552004871392,0.8339437447498893,0.6804669084963368,-0.028626214733991094
0.9880711436836102,0.7040377443930893,-0.6520964100829341,-0.639706810426939,-0.0021729754136954665,0.03941436712455192
-1.0120728718702565,1.5682295939083186,-0.5781041570870556,1.051526102487159,0.7760959026145504,0.986557332974431
0.9880711436836102,0.7099339123308838,0.11192785506805066,0.6513454027352299,0.28329276301138373,0.6430865290268979
-1.0120728718702565,0.23077071123574058,0.189887834145787,0.37229891669532267,-0.7167014922354362,-0.07502824234389796
0.9880711436836102,-0.08905321469080667,0.26082255189802633,-0.5476932715406804,0.3809964779444514,0.2816342797809121
0.9880711436836102,0.09793274732464764,-0.8638288720346223,0.6751042030798098,1.4823817072891896,0.22538607210971748
-1.0120728718702565,-0.7902113494719539,0.6401800031768416,-0.42517925087847236,0.3899942825840557,0.08070715617117305
-1.0120728718702565,0.7948642540441692,-0.7750534045876425,2.351877093954432,-0.011740581131795132,0.016519075551345762
-1.0120728718702565,-2.287326049574552,1.7717995828155544,1.002529182183296,-0.6673875298868596,-0.6548952998206867
-1.0120728718702565,1.177867963883366,-0.06317425835999134,1.3375695620822674,-0.5178943095457093,0.4536323266995265
0.9880711436836102,-0.014758515816545737,3.2392946138280263,2.2507052835238652,-1.4042410978258022,1.3138815360524156
0.9880711436836102,-0.7522817776276526,0.06539921314598547,0.8363593964565459,0.8753606374469527,-0.02001779295944602
0.9880711436836102,-1.6006445858024743,-1.924457049114123,-0.06774368943123818,-0.6439549895533615,-2.4739118745981843
0.9880711436836102,-0.7347007901900429,0.5758224327978836,1.092858954541617,0.3149075499256596,0.04093524720112554
0.9880711436836102,0.6366976074197807,1.7303763249101634,-0.4346820532258675,1.29473175433775,2.058471491899382
-1.0120728718702565,0.657246800823383,0.4941261462665331,0.519168605696376,0.3227921040317589,0.8622298717735708
-1.0120728718702565,0.009627915710763319,0.2723685253678865,-0.46443834496713216,-1.24479854412378,-0.40877973105378745
-1.0120728718702565,0.5346633724634859,-0.2167335740769133,0.7588397678102269,1.0427076335666527,0.6877967527913369
0.9880711436836102,0.4531742184407848,-1.2544566158687762,-0.6317562178499861,-0.004908191330350771,-0.4860555781317617
0.9880711436836102,-3.041231476178597,-1.6247000758027343,0.37567690963901895,-0.6041248607864942,-3.1700711345411823
-1.0120728718702565,0.5362454414323999,-0.8436384535270883,-0.22058300854357868,-1.2599838823128646,-0.7694635996535718
0.9880711436836102,0.22652730334300628,1.610744668304313,-1.4653378925872342,-0.2983667727445492,0.9861548372550596
-1.0120728718702565,-0.4757176626672228,0.3669644056273207,-0.12173101188644887,0.4722128331817188,0.14828222476880554
0.9880711436836102,0.0034388490776798004,-0.3138837312338915,0.8271997392496436,-0.12009311667017683,-0.2455148336635987
-1.0120728718702565,-1.0860883236436412,-0.9883772732078513,1.0702833407891064,-0.4766980846759813,-1.5032510506572243
0.9880711436836102,-0.9369947782217887,-0.9565851595024097,0.3469149607685473,-0.7599169659182805,-1.523271837519469
0.9880711436836102,1.8796493787477282,1.510895609902217,1.330548263406706,0.38344126936768913,2.27352965761387
-1.0120728718702565,1.133308968691332,0.7407016088436074,0.15712665080113414,2.4367241923156437,2.296448269264005
0.9880711436836102,-0.5038069205391537,-0.5156433937435333,0.5931783194347778,-0.6416996899758408,-0.9286067751894483
-1.0120728718702565,0.6180579274321121,-0.3976216219208458,-2.1165203467458884,-1.5718221004459711,-0.5915346879677172
0.9880711436836102,-0.6018617975341647,-0.16642904267061673,-0.7208740357689768,-0.23744115301346766,-0.5878388469509604
-1.0120728718702565,-0.7726070434010125,1.0535572022155548,-0.4853797825600265,0.5534337766337443,0.42040416530108055
0.9880711436836102,-0.6370471738441251,-2.028834439616301,0.40604723122176006,0.11750183302728205,-1.58166949788031
-1.0120728718702565,1.1969506778312615,0.2129249890792991,0.7949330681198984,2.009943348917352,1.8145200993036423
-1.0120728718702565,-0.001005435034696143,0.5115344812219014,-0.5146868393325909,0.1392073902630009,0.3769564294371976
0.9880711436836102,-1.2004311963921275,0.8847817809005559,0.4616699884083874,0.8770455412405268,0.20175164057964765
0.9880711436836102,0.7808392308510552,-2.314282141076553,-2.224996930000538,-0.4482972054203356,-1.1364397458966544
-1.0120728718702565,1.364999221044998,-0.8300177420521924,-0.7485387857269412,0.03802444540078262,0.3614891881790858
0.9880711436836102,-1.5588464593377098,1.910809336779023,-0.5264944661989296,0.21205822308560404,0.2946473807381443
0.9880711436836102,-0.4028155003353467,-0.9158428830724141,0.49446621502720706,1.182093320244662,-0.25875250999073285
0.9880711436836102,0.49233009923403737,-1.327246209089594,-0.5782560212066962,-0.12722505401199308,-0.5632562384496309
0.9880711436836102,-0.5018088309426052,-0.5918558609806605,0.10580087835944031,-0.8387780904540146,-1.065932994821942
0.9880711436836102,-0.5248586821164692,-1.320412313941289,-0.5101073119601384,1.0630300247495548,-0.6375586985986592
-1.0120728718702565,-0.5197843972064684,0.831362468360367,-1.5441149566766101,0.257336639415893,0.304212247156454
-1.0120728718702565,1.0434251003965174,0.6080779807661083,0.06747504438032141,-1.0900802382310257,0.5129649597279667
-1.0120728718702565,0.8674176856939294,-0.6945510605130578,1.6012416855749678,-1.0680115149691216,-0.38245924162455486
-1.0120728718702565,0.8551147423804962,-1.2743158934585634,-0.16107614816313748,0.14512020681094542,-0.17768276477277758
-1.0120728718702565,-0.3691341990847426,0.6894023152687995,-0.7935584880319994,1.3307372094870797,0.8125633548830591
-1.0120728718702565,1.1327022187804308,0.011607311371275167,0.6249063292926885,-0.7524638657137278,0.36184425024130146
0.9880711436836102,-0.4449177049402609,-0.25072644628976853,-0.27921768497733684,0.8166596031506775,-0.04914200734905309
0.9880711436836102,1.3932643629111114,-1.147019036096402,0.36700609583450317,1.3319264888728124,0.7896165171871422
0.9880711436836102,0.7314880764790956,0.3721256619065822,1.169993239887828,-0.43216982091823336,0.48159243273058694
0.9880711436836102,-0.13251189833336643,-1.013305723559933,0.5000001469171009,-1.1579590750678945,-1.2421762304775872
-1.0120728718702565,1.2513147223771521,-0.40485330971989925,-1.1417634265523424,-0.11331519115910024,0.4797792544724474
-1.0120728718702565,-0.668285427032465,0.11142051689382945,0.30655957174726245,0.2876023511472329,-0.21427817877433797
0.9880711436836102,0.19421384750536375,-0.25556905601800756,-1.427863801593001,0.24440110367247075,0.07889482530765324
0.9880711436836102,1.229455542927384,0.4180715444292267,0.9733400820189667,-0.44022088620549155,0.8159636614512981
-1.0120728718702565,0.09021670226049117,0.601301020175261,1.774097588810618,0.4355670527322347,0.6270238815492909
0.9880711436836102,0.8923123497641077,-0.963019013390292,2.043970331508352,-0.499296104441449,-0.26505428179874857
0.9880711436836102,1.2894255879077297,-0.7420958678780661,-0.2487083490182331,-0.7058170269497508,0.020898679472413466
-1.0120728718702565,-0.8899898231179209,0.713050569439288,0.12964666933936503,-0.8806717750321424,-0.5303069209848444
-1.0120728718702565,-0.1274668410663796,-0.8065647166383131,-2.509061544669146,0.6306403135101205,-0.27768434459223146
0.9880711436836102,-1.6579458309501702,0.76363602480967,-0.9925493143528064,0.057978306095139494,-0.5398737953195719
0.9880711436836102,-0.24322241250048485,-0.5748347359268977,-0.024405033681643696,0.5293833309918101,-0.2558089463349248
0.9880711436836102,-0.8185444926229692,-1.1598143085337578,0.033389763104617165,-0.1388665262687371,-1.2836332096650238
-1.0120728718702565,-0.7950185697264555,0.6311658042568988,-1.1929244009655071,-0.12795366278833475,-0.16964133548147262
0.9880711436836102,-1.1944561588571416,0.6266408147078264,-0.011995928839213466,-0.261575685737647,-0.4838811077884633
0.9880711436836102,-0.7606230950271212,-2.155200287042459,0.03200159053926749,-1.0718042844562194,-2.290987597646845
0.9880711436836102,-0.22014623298750727,0.08217073226222148,0.4063409314454701,0.3771319573312391,0.088969577988463
-1.0120728718702565,-0.3530548039187692,-0.9611886100479935,0.4112617492361238,0.09878821699519026,-0.7609681378117921
0.9880711436836102,1.5285715200568268,-0.3474253907068373,-1.5499696321617285,-0.24790278503093513,0.625152299961981
0.9880711436836102,-1.7749100395051152,-3.6031844244300677,1.3352172119183325,0.852003186896358,-2.909581880768518
0.9880711436836102,0.4659887879003132,-0.13608284229128495,-0.39107667923033085,-1.4904929886671225,-0.4882349609480345
0.9880711436836102,1.5517810788404032,-0.9801459505399016,0.07566880869326621,0.6067572217890772,0.6514572175859197
0.9880711436836102,-0.4855889493850434,-1.5182278432367964,1.2214043430386208,-0.9945968817671547,-1.6945887715002792
-1.0120728718702565,0.41281359344750734,1.1829828480352946,0.27405098917464676,1.1769321640869586,1.5294485650233987
0.9880711436836102,0.8767131701549623,0.7500630516004029,0.6274481308038578,-0.188787934954621,0.9166469618796973
0.9880711436836102,0.05701305348671867,-0.5232365782632757,0.4081308087443421,-0.22857864242185885,-0.3907053938368139
-1.0120728718702565,0.000509483245615302,2.431593579316783,1.2235491507822,0.27751704943121525,1.6152271873675492
0.9880711436836102,-0.357763516841774,0.8201752050116076,-0.2114156048229369,-1.5320991807477646,-0.4373012388077525
-1.0120728718702565,0.3361896319571142,0.5452489141458724,-1.0834351815118448,0.48227367698714585,0.7679438636675177
-1.0120728718702565,-0.38877212659347693,-1.3570186564825395,2.0539990917860362,1.892004031149996,-0.18788712423065493
0.9880711436836102,0.8048053636779015,-0.023012012890899762,-1.2676263702193282,1.5891575967685254,1.2294325344033976
0.9880711436836102,-1.3319488303536902,-1.0814030910568149,0.6321856021955166,-1.0912515864687051,-2.0003049692773245
0.9880711436836102,-1.9758575210508018,0.5270370454942944,-0.6454542700536883,-0.15584861267699446,-0.9820357985234276
-1.0120728718702565,-1.1128135248943818,-1.259701360656023,1.4215225352654626,0.6129816478421674,-1.1771556840642976
-1.0120728718702565,0.28036077276567534,0.15804598074959597,0.2889549580009187,2.653183264722858,1.5100203671652033
-1.0120728718702565,-0.3090531537965873,1.1404089545782818,-0.9543903170188616,-0.7758472231565742,0.14202548287904093
-1.0120728718702565,-0.5577378258932627,-0.9452695278256537,0.8059229962681616,0.1091730362567368,-0.8739663194807384
0.9880711436836102,0.4209687682599719,-1.684421054944196,-0.6518409940730033,-0.26198357119107146,-0.8889463933862638
0.9880711436836102,-1.993784607089356,-0.01747761655755455,0.21770630177658984,-0.6230996736445048,-1.5445514393097584
0.9880711436836102,-0.5503434053406858,0.6688266352555662,-0.17127031093955591,2.0019336892039723,1.0000767076171013
0.9880711436836102,-0.02132106071667416,0.9707068246806659,0.014103666161305655,-0.2606591846482895,0.4583282949951864
0.9880711436836102,1.1184837664762706,1.1498753755037916,0.9409607045938498,-0.08615104255446267,1.3594309991923088
-1.0120728718702565,-0.32814585911457156,1.7487470545422632,-2.2694615157884077,0.7563854541113314,1.2168781341003327
-1.0120728718702565,1.533699612082821,-0.9816900132406469,0.46018775976289805,0.775577081233185,0.7184156189073867
0.9880711436836102,-0.5193315174059024,-0.7441005808079343,-0.48901021482655427,-1.112959122210434,-1.2979622800874002
0.9880711436836102,1.33118202009907,1.1221615161547323,1.0473719376702044,1.314024982646215,2.1288094841497878
0.9880711436836102,-0.40279187056944665,0.6028185049768018,-1.023626118447591,-0.6101314833227363,-0.16741367533006724
-1.0120728718702565,-1.450243219716772,1.8854389050465636,0.8927910449406204,-1.0796132780911052,-0.25627004608219267
-1.0120728718702565,-0.4172537590177723,-1.403184718006297,1.3319800545075506,2.071091075848471,-0.15023718894973104
-1.0120728718702565,-1.40491855989035,-0.664702371652738,0.11507681733022543,0.8166459387690832,-0.9002288413571998
0.9880711436836102,-1.4733152001946308,1.2897426588761816,-0.31974852126017106,-0.11770225020695159,-0.18547003886116364
-1.0120728718702565,0.18803330314463296,-0.4380943098085936,0.805906465858501,-0.13456536437655928,-0.21335966433140435
0.9880711436836102,0.8308486037373722,0.3149138258156194,-1.3732706975748312,1.5050821306033282,1.4129173368790393
-1.0120728718702565,0.11338681244523617,0.28575087053238674,-0.6767953733660523,0.9061625398812234,0.6683282284266926
-1.0120728718702565,0.9983568250983262,-0.09711318190217962,-0.6536473231745896,0.8934611023532709,0.9798577447006666
-1.0120728718702565,0.5665097455496866,-0.027212975134495408,-2.0046393913186575,-0.13695063276374192,0.27258239930542133
-1.0120728718702565,1.6585973824957565,0.4086873170725433,0.1347939497259569,1.267512454445468,1.8752220244753235
-1.0120728718702565,0.3445510525351754,0.25693598959190056,-0.9756220641219675,-2.181026433154096,-0.6464401217439611
0.9880711436836102,0.6008850756697236,1.8388365456765807,-0.329602721329876,-1.5253771321688108,0.7856580089256797
-1.0120728718702565,-0.8025279060898627,0.18825706697190883,1.220069648729683,0.7837959007571267,-0.01938156499081362
0.9880711436836102,0.8956705039502506,0.6097288528540206,2.51129229093185,-0.5322264011553622,0.6821787550375618
0.9880711436836102,-0.154051376522479,-0.13275380688781563,-0.4358671068763558,-0.8082207694329467,-0.554349802296481
-1.0120728718702565,-0.10528743469245981,0.1370108984043536,0.8318428937811833,-0.923181629255562,-0.4128401756846761
-1.0120728718702565,-1.1084586939048224,0.18718431935917848,1.5100899915268573,0.41226278707657626,-0.38395025847407627
-1.0120728718702565,-0.4562673568797639,-0.9158849070127372,-0.16684855258544407,-0.39749724489010624,-1.02934955956099
-1.0120728718702565,0.181741106101351,-0.7062083936186456,1.4668196589841755,1.5591943345786474,0.41002580097720565
-1.0120728718702565,0.3123590575834192,-0.4474988199837666,0.06998114227220749,0.8622057107672835,0.32366716953663005
0.9880711436836102,0.21659561801516408,-0.8205014899177755,-0.5806273962598472,-0.17027964458456477,-0.44593562226328864
0.9880711436836102,-0.2177529962459399,-0.8120541536078273,0.7863657544176611,-0.7929931165955021,-1.001765146677816
0.9880711436836102,-0.39922869632948216,-1.6894102442583925,-1.0170257625515613,0.45317267598075767,-1.0694194903429284
-1.0120728718702565,1.9306289533140317,0.29850760783841873,1.3726503561525853,0.7447817788180872,1.7333151147360504
0.9880711436836102,-0.026797336433653486,-1.0886807714340336,-0.7496428128289722,-1.4821482917455093,-1.3736684169030127
-1.0120728718702565,0.6248743690544836,0.1490300207466107,0.9332461069960675,-0.9875607035393941,0.019401836784882727
0.9880711436836102,-0.2944216855523077,-0.10743180707729916,-1.4945927371342413,-0.9720432503320017,-0.7028393477729381
-1.0120728718702565,1.4072380479757187,0.5100442970564141,-0.9827802309747474,-0.6657221636959273,0.8776610439398679
-1.0120728718702565,1.6983305195887324,-0.6846209333362224,1.5942951868596786,-1.0201618414575362,0.1642129797338577
0.9880711436836102,-0.9575885978214544,-0.24036795512115253,0.7713511821752745,0.4576270319204933,-0.5301238279973856
-1.0120728718702565,1.864477473230519,-1.9969822669064097,0.9040518285274274,0.8653637680276911,0.3462183269074014
0.9880711436836102,0.42330269033724277,2.2379604195387044,0.34182346836291005,-0.3063960271661377,1.48781194189327
0.9880711436836102,-1.0969975072120477,0.5611827008556656,1.7754478553277544,-0.3206337740339614,-0.490526907874587
0.9880711436836102,-0.09338358915493654,-0.8741600018401845,1.1703037459323975,-1.9955503666228471,-1.5237847333336934
0.9880711436836102,0.45132472977396293,-0.8342217996622429,0.4991783858838435,1.1646523438824226,0.31540796075727234
-1.0120728718702565,-1.8191274688460966,0.9956563883571303,-0.4233217391875708,0.7567243156620859,-0.17218368473060666
-1.0120728718702565,-1.5639937826183614,-0.5602620919257196,-0.06071574072277322,0.2517860106007833,-1.1994773972627473
0.9880711436836102,-0.14924802158832448,-0.20847538783625905,1.5076453872179276,0.10624860479301669,-0.17098014557659136
-1.0120728718702565,0.49905395758939736,-0.5769670149040963,-1.2965573260325978,-2.3734902983651134,-1.1496110206787358
-1.0120728718702565,0.6346207009178466,-2.39251240235285,-1.2312127273819906,-1.2408657460180368,-1.645588786227655
-1.0120728718702565,0.7872609832452937,-0.6623940100305891,-0.7652956204014554,-1.386149766926092,-0.5609309355807036
-1.0120728718702565,-1.5152133909083068,0.3243641010565291,-0.57758348857575,0.647854049516352,-0.4438036898290651
-1.0120728718702565,1.2229443612470978,-1.9363175439754556,0.3972487471134047,-0.3917471688254239,-0.6035347621071177
0.9880711436836102,1.3854369123140657,0.8989824480690871,1.5293529593803172,-0.4555052229517077,1.2000683846872497
0.9880711436836102,0.1778739101767452,0.4379047487526388,0.07001310976644722,-0.3641584512894246,0.20846176832399196
-1.0120728718702565,-0.7310340050407913,0.7821470543425899,1.0083526630468516,-0.11784443499337109,-0.03296090488190433
-1.0120728718702565,0.523487217077524,0.818207205403019,1.3810259119387986,0.49609382757102716,1.0576548379606778
-1.0120728718702565,0.03833856805199011,-0.36493580005387877,-0.7061578925032064,0.08231185345095957,-0.1603523712738341
0.9880711436836102,-0.9451437165826319,0.5999865816626317,-0.2582363030064712,-0.18660982999044987,-0.30946704217691823
0.9880711436836102,-1.26040383581664,-0.8253376548860698,0.7068232735492269,-1.9252583670020813,-2.188785470587167
0.9880711436836102,-0.26861062942726754,-1.2432093422682322,1.021320138275029,0.24010476172088147,-0.8149663260068845
-1.0120728718702565,0.07854626636917343,-1.1977648175931288,-2.4919294273795507,-0.14954474066683598,-0.7523420080913492
0.9880711436836102,-1.6357493235760383,1.2649327955283125,1.2382937970988388,-0.6708008963315408,-0.5600511476293781
0.9880711436836102,-0.47794756735555893,0.30681890540136675,0.8461539395917266,-0.39667422503718563,-0.29582388287854616
0.9880711436836102,0.1512254683418187,-1.8629653912086483,0.5445837634168809,-1.0126330659938119,-1.5163761786698127
-1.0120728718702565,-0.765201246436586,0.7715718669946912,-0.4848367657748383,-0.08455226953024515,-0.04509306572845935
0.9880711436836102,0.9876132568947477,1.6790099827385694,-0.6044319432652063,-0.8842357415472605,1.228440645063855
-1.0120728718702565,-0.9820683415190924,0.2343471667146234,1.2494797290857746,0.38627506333684647,-0.2885720739194154
-1.0120728718702565,-0.73017402207349,0.677807482222056,-1.4075603299436243,1.0511509892961153,0.44981179695364176
0.9880711436836102,-0.11295929893177135,-0.0071908790453727766,-1.3274179317625585,-0.4259076255891908,-0.273570010495178
-1.0120728718702565,0.6009002270731103,1.9722804005332126,0.8048280789653042,0.6642405046714416,1.8894822570931165
0.9880711436836102,-0.9833808065892803,-1.2829497052838115,0.17600750282947247,-0.025750678098634194,-1.4083943882453485
0.9880711436836102,-1.5388071758328046,-0.08126749296531413,0.06586268996802332,-0.5238275641184182,-1.2534363525736134
0.9880711436836102,0.5023921679269325,-0.3726477999455715,-0.2809225852983686,-1.267342489531843,-0.506084708857694
-1.0120728718702565,-0.5140247788296065,-0.14496099220050984,0.5192125137005162,-0.09500494693334016,-0.4533001811648526
0.9880711436836102,-1.670169436712991,-0.2674854231419275,-0.7755191018475317,0.2708020034945236,-1.0779514189573303
0.9880711436836102,1.233651750252957,0.04436625367986463,0.5231621082429692,1.0484723615354632,1.285564848781285
-1.0120728718702565,1.3106976275804325,0.5692016748844516,0.05826887395146983,-0.46906094130436143,0.9456513312552544
0.9880711436836102,-1.1138606478293023,0.4634688354715294,-0.6989072514633592,-0.6262591862316367,-0.7035226544593128
-1.0120728718702565,0.5667111436691223,-1.6859655324702327,-1.2630577692124143,0.5163815597124966,-0.43555971278216105
-1.0120728718702565,2.060787550176219,-1.4975840044345534,0.021829444593099004,-1.036977095393717,-0.11442177753724628
0.9880711436836102,0.8088651694814265,0.8638048767333365,-1.0874413790802688,1.1049510086728513,1.5476068974445476
0.9880711436836102,0.631517296559379,-1.126300639076628,-2.062365325837961,1.0624909205090562,0.20168810549556054
0.9880711436836102,0.25181319152778275,2.0476627997957295,-0.12237943054562124,-0.5527304953307298,1.1493815470668856
0.9880711436836102,-0.635815776372184,0.29312856828101774,0.6939601103125913,0.17961226579656459,-0.13337577169387674
-1.0120728718702565,-0.964844013625849,0.6090880350199602,-0.9070954912844429,-0.7685004915882466,-0.588172272575556
-1.0120728718702565,-0.10008705578133656,-0.23914498943423596,0.12046068167431156,0.6451062000024282,0.0927884259533587
-1.0120728718702565,2.9806407039577665,-0.838545362024006,0.8122368066070303,-0.48984199055803385,1.1168153281612987
-1.0120728718702565,0.6246221321241325,0.12193401501664929,-0.07463113281334077,0.2496941263904989,0.5802906443632183
-1.0120728718702565,0.592087519994335,1.1109505863816003,-1.043687505374551,-1.1471200352419137,0.5121080347064739
-1.0120728718702565,-0.5386196804694682,-2.0393341184973925,1.6811967123371234,0.8971621360730825,-1.1626405101735764
0.9880711436836102,0.46291564243877953,-0.5844958356447659,-0.040897114423213594,1.1437758279644166,0.4655302256751839
0.9880711436836102,-0.8024006189957016,0.0926747706577703,-1.7069130692860157,1.3437440781592818,0.1838842534819875
0.9880711436836102,-0.24179412582223012,-0.6165802438038344,-0.19716573931511178,-0.48717324840554405,-0.7547449897295585
-1.0120728718702565,0.7392649993977953,-0.41606068396986073,-0.5205764665070425,-0.6306148124141823,-0.08787533943849764
0.9880711436836102,-0.7075622530846452,0.8700819788348614,0.5557823241548279,-0.9003450795365268,-0.3297978137959289
-1.0120728718702565,1.3505693002136037,-1.016599919626069,1.4946978620884626,1.01474461095795,0.6944370448124344
-1.0120728718702565,0.9435669303938302,0.3170915362877013,1.6483396657452378,-1.6120114826424445,0.029289157297451164
0.9880711436836102,0.5335273697427825,-0.14925677067613868,0.48634109695556066,0.3401455462120701,0.40038489018340334
0.9880711436836102,-1.1256402159784462,0.5614195250423488,1.9216082027042565,1.0857654895393767,0.1482482193430546
-1.0120728718702565,0.7025567972729085,0.2839130379684722,-0.3201824146775519,0.8080672878379769,0.9886817094732976
-1.0120728718702565,-0.401632068716322,-1.6378240592224684,-0.2075723594542373,0.34446576232845344,-1.0900311686325013
-1.0120728718702565,0.7718461258467083,-0.3407705743539921,0.022513217443595735,-0.9824631675979754,-0.18587951629453842
-1.0120728718702565,2.2346996714456795,-0.039425885891524626,0.5924435625205379,-0.7592242534706568,1.0142842651818518
-1.0120728718702565,0.5949375545486213,0.23325156180066567,-1.8245296293223214,-0.3474526064282962,0.35072301166344033
-1.0120728718702565,1.1049394518847424,-1.4001494516106874,0.45883807275682587,0.19747093592598766,-0.07469601069088795
0.9880711436836102,0.15082772298893235,0.9382124716280765,0.32594569717731486,-1.3558475191683186,0.03416050933368648
0.9880711436836102,-1.243659195307597,0.43807430025134775,0.9727831288533466,-0.20005545400124644,-0.6007262566145978
-1.0120728718702565,-0.9292377978971297,1.2862640374725283,-0.2497181622524579,0.2732853711703631,0.3340757427353618
0.9880711436836102,-0.10218766857774621,0.8714703828352747,-0.2520954161871566,-0.8772466223445163,0.05917698109272101
0.9880711436836102,0.0408069119448802,0.5391899947522019,1.2856141316479985,-0.2756209395449521,0.22610816847063225
-1.0120728718702565,0.10227749285160684,0.015727164578970748,0.06438088534102493,2.3012658417977776,1.1479026362529963
-1.0120728718702565,1.7478029115336862,-0.7610627827087687,0.3296224022547661,-1.8420782544657495,-0.2356679743857895
0.9880711436836102,1.6506775518715218,1.3287128897569769,1.100856218701958,-0.576911822894575,1.571087301994272
0.9880711436836102,-1.23369600780711,0.6301459806535998,2.981428057720589,-0.5518249181325724,-0.6417000015869747
-1.0120728718702565,0.15171162678163397,-0.0909949895338395,0.7053454830404509,0.450311268874224,0.2492443050187713
0.9880711436836102,-1.047315587554718,1.4746977368449445,1.1172174455583628,1.9061711615043355,1.1380306403889586
0.9880711436836102,-0.586916145614066,-0.037103007950095614,0.35218560242126407,1.0904663961691428,0.12078143170885756
0.9880711436836102,-1.687991410125783,-1.275743565590867,-1.524062375735845,0.6223366022345798,-1.5409534593633043
0.9880711436836102,-0.9068098455284198,0.6646196798556421,0.004952759858358271,0.7748995375239116,0.202529465215885
-1.0120728718702565,-0.8539062723177737,0.13246124428427888,0.006979911364040822,-2.060518174499535,-1.4130437749242764
0.9880711436836102,1.0649744808814758,0.87026006547086,0.34601730673682324,-1.138169524394657,0.6639700500237511
-1.0120728718702565,-0.14383852897187266,0.13345051023150287,1.0941063205496049,-0.4202726368541268,-0.2042852461323486
0.9880711436836102,0.5586954503402287,0.13265129841611562,-1.3185396931612203,0.7615399416078158,0.7846395966920426
-1.0120728718702565,0.4039719911859222,1.3093276804977074,-0.7704319052828225,-2.208401442507641,0.020712689361683276
0.9880711436836102,-0.0491170924513777,0.05081956501220245,1.8704784349618948,0.36633984213030385,0.1714118859955583
0.9880711436836102,0.8655906123723348,0.7454535001294467,-0.02029590031701166,0.6602977471240754,1.3032051489874896
0.9880711436836102,-0.917263705400111,-0.5851391586814635,2.253331234631731,1.7475917659469833,-0.1133117751393234
0.9880711436836102,-0.4533702534878318,0.8446027337241865,1.4636995513328799,0.7929715673187829,0.6032466463717796
0.9880711436836102,2.926607246548758,-1.7698693866309498,-0.8024476630399097,-1.0339881213722808,0.26014440519240695
-1.0120728718702565,0.56150046601904,-0.147357547390293,-1.5517142944008124,0.47587377014110266,0.48225034452403903
-1.0120728718702565,0.6938931603318479,0.26615747286120894,-0.622668578663361,-1.515733887531446,-0.11267297153704503
0.9880711436836102,-0.13839837599710597,0.06944165995425132,-2.57497771522574,0.13909580021674633,0.02092330409106113
-1.0120728718702565,0.18055805461607058,-0.12990758450307563,-0.39428679958110446,0.3497704045873167,0.19658350716114564
0.9880711436836102,0.22625118322425883,-0.5139423295059458,-0.10467606610574427,0.8954715770978987,0.24501330921245565
-1.0120728718702565,0.19451928810506983,2.10227416968971,0.013087749987047575,-0.5648953101146424,1.1418738017036443
0.9880711436836102,1.3841776484041008,-1.786817147479774,-0.059759087300761786,0.2048448595502377,-0.1334312184334869
0.9880711436836102,0.0036595512166488304,1.284593019415708,-0.48894384101453237,-0.07332128420275788,0.7530090473246306
-1.0120728718702565,-0.23686943796800394,-0.48666581062585546,0.24509809714628014,-1.0515091989635503,-0.9356799371953899
0.9880711436836102,2.381570143295485,0.7335659714887446,-1.3145948945031534,-0.8449545749415065,1.5380814525300999
-1.0120728718702565,1.3801573263272773,0.6571536576769663,-1.4123684764390796,1.6667217390885993,2.0394052783511163
0.9880711436836102,0.044965284044542544,-0.6712338198191431,-1.121285123587087,-1.767946037322825,-1.2073660994696196
-1.0120728718702565,-1.270177050537648,0.7019689206097949,0.06184528259003528,1.1601356932677462,0.17890740731974875
-1.0120728718702565,1.3212186005037223,-0.2531060449611849,0.24867244966811416,1.1075704421870773,1.1859233652170829
-1.0120728718702565,-1.6769479402349725,-0.020324166525979258,0.6933590311089646,-1.72037530258697,-1.8607117804180173
0.9880711436836102,-0.3751928371883686,0.3324343286745521,-0.7367550872167044,1.0352052616405667,0.4524845873662127
0.9880711436836102,-0.004570808530281011,-0.5724759358258281,2.6065092206683715,-0.660861786020819,-0.6611795485857977
-1.0120728718702565,-0.1231119147297425,0.545042360231145,1.6723067343334368,-0.7096656128024608,-0.07509784856443606
0.9880711436836102,-0.43129611279682434,-0.6309923042303932,-0.5668757800206202,-1.606987352734937,-1.4046744104193476
0.9880711436836102,-1.0412564827522377,1.0659740154266846,-1.145722083270782,0.8188953241710581,0.3846135884975762
0.9880711436836102,-0.8211338608124956,0.4828589362480005,-0.780445551510314,-1.714824021384018,-1.0173194149916873
0.9880711436836102,-0.44489856275984546,0.03732047518097129,-0.9976024391095856,-0.028766022201921582,-0.2678430119626647
-1.0120728718702565,-0.5482444924823051,0.7042429475274398,0.6934280388274612,0.8307709534793112,0.47631726928333423
-1.0120728718702565,0.634314256664691,1.0848455520867624,1.1620909438203366,-0.8342369213622371,0.668601144314659
-1.0120728718702565,-1.0687467338996295,-1.0931574111709113,-1.0843813047588025,0.27808835717376246,-1.2041748104033998
0.9880711436836102,-0.6293834166155521,0.96640142739013,1.496157395129852,-0.5457215581889235,-0.056755861013563835
0.9880711436836102,1.035042924265122,-1.235304947261561,0.14950125774309322,1.0492264140144572,0.3800473208242213
-1.0120728718702565,-0.1282538032269659,0.924811705654697,-0.5222601208622943,0.9125004906479607,0.9109191791354968
-1.0120728718702565,-0.6876197330633693,0.8681896904015213,1.1398674002524798,-1.3195745867343422,-0.5143033848569127
0.9880711436836102,-0.7376370875037429,-0.7018592557808573,-0.16107652283712254,0.4835501594578835,-0.6627679721460068
-1.0120728718702565,-1.807585208282242,0.2724784583467352,0.5138656032278012,0.8107962175276657,-0.5818356377264017
-1.0120728718702565,0.98926713350427,-0.5566269530906152,0.46039367266699355,-1.1675213832352085,-0.26850206383637787
-1.0120728718702565,1.1422716830692305,0.7515916100989573,0.010547448893138585,2.005431497477603,2.1072565000328267
-1.0120728718702565,-1.3632772542770633,-2.45510224393157,-0.29751107889403555,-1.2707839369180913,-2.94291796326089
-1.0120728718702565,0.008130053266258673,-0.7479524679962238,-1.305968157392137,0.04047090211464691,-0.4330510623357245
0.9880711436836102,-0.13133807167785266,1.0303193488187512,0.4899884277073409,0.5187292336013712,0.7897200071133714
-1.0120728718702565,0.45867158593500335,-0.7304441823836141,-0.3173390447889874,2.1926133866676025,0.8634856585666755
0.9880711436836102,1.0012642033924468,-0.35201182229643313,0.061617846013867585,0.6978318329333922,0.7346975176637006
0.9880711436836102,-2.1956714028801225,0.6025412802279473,-0.9331881648572721,1.0476799046973921,-0.5114231713821995
0.9880711436836102,1.1677427804433025,0.3979478152883301,1.3462102527869155,-1.3203447031823945,0.3544958503746369
-1.0120728718702565,0.9939780895927336,1.457947287432288,-0.7730414286864541,-0.19482558196484095,1.4192106189451268
-1.0120728718702565,-1.6368742497263602,0.08021797684162,-0.200815866064333,0.4292815277601689,-0.771031879008352
-1.0120728718702565,0.195223280744123,0.2910725923535038,-0.23914170549429828,-1.274215607139072,-0.2950564685595423
-1.0120728718702565,0.33808971855802405,0.13729036406509373,0.929672179066498,0.8660709252996587,0.6987637516110364
-1.0120728718702565,1.0503464877872646,0.048094077314782296,-0.25116976144311554,0.28862995832758465,0.8187821842260472
-1.0120728718702565,-0.5492568325523672,-0.905543012277028,-0.767334255693468,-0.346786650534543,-1.0575488984730523
0.9880711436836102,-0.6732381017631298,-0.26233662359575477,-1.0804246505092876,-1.7023769822353862,-1.3744287556627761
0.9880711436836102,0.8547788835538704,0.050167506695702135,0.5423290838181841,1.43028945642898,1.2312971221976143
0.9880711436836102,0.8197366959724098,-1.4864925015799348,-1.329002617964185,2.0910495569023437,0.5790367344748629
-1.0120728718702565,-0.34311937872726084,0.2910160837403663,-1.628026423670828,-0.4473048156469599,-0.244782928152466
-1.0120728718702565,-0.5561734074248245,0.025598071810349066,-0.8571357001507559,1.1475078527024187,0.20466425296114543
-1.0120728718702565,-0.7075555210791331,0.9725786412720332,-1.8764410826127627,0.3485658993576658,0.31594420452325034
-1.0120728718702565,0.25278043117552745,2.0901991682423873,1.1745584214925766,2.2353452840636057,2.4779321519027313
-1.0120728718702565,2.1544496380082117,-1.3324082582411143,-2.572684766208179,1.1230076159268523,1.0530723229821513
0.9880711436836102,1.5983080678257373,0.6829050837741347,-0.47571013237887744,-1.1089903452901537,0.8956140011692046
0.9880711436836102,-0.12077908914386501,0.39518985404070345,0.023980733393336628,-1.2123957874846258,-0.4000021388367154
0.9880711436836102,0.15212092042202396,0.8466231125098128,-0.7513539652711031,-1.206338834178152,0.04893069790103625
0.9880711436836102,0.39651753208399815,0.736426444191391,1.2173939744249682,-0.9500880264034929,0.25341698483702774
0.9880711436836102,-0.785130299937703,-0.3995561891768536,0.7397036669779432,-1.5675065052659272,-1.4651923626883234
0.9880711436836102,-0.6109038419352742,-0.1257002792814118,-1.8005983400914853,-0.2266798252118832,-0.5632384496667467
-1.0120728718702565,0.06478131738528348,-0.9778597517073578,0.36556704650102345,0.9020540492881527,-0.13586745938135084
-1.0120728718702565,-2.3587647547021704,-0.5779766577538961,0.3675849843545602,1.0116075616243299,-1.350903665913445
0.9880711436836102,0.012679515241869988,1.7361428206984157,-0.5974107679509114,1.458198601377231,1.74946152326932
-1.0120728718702565,0.5350493073244056,1.7077859051693407,-2.4505966425713273,0.8409917643986425,1.7690257149556954
-1.0120728718702565,-0.3952138341274244,1.0232305918537095,0.36435960077252716,-1.187135820552323,-0.17544727086694645
-1.0120728718702565,-1.7902549397491403,1.009992877023951,-0.3884622147776604,1.1190867113533005,0.023554764503554294
0.9880711436836102,2.085991648132266,1.1625363548816139,0.2603887519022535,0.24809168822716,2.1261459500367774
0.9880711436836102,-1.361048925324642,-1.2892168909225892,-0.6807742986274027,-0.8981911411868723,-2.0551810443608134
0.9880711436836102,0.4240937336036677,-1.7212447129090813,-1.0198247966879674,0.8522245955626402,-0.38909770041145836
-1.0120728718702565,0.55886088002917,1.0512885346696161,-0.2796990188343698,0.2381469838781624,1.1021532706782087
0.9880711436836102,1.0246533559242688,-0.7989485944182141,-0.10351785758808486,0.7183722099094969,0.4861668184815632
-1.0120728718702565,-1.149993544505859,1.4264651730949838,0.8900251533862356,-0.6715210730959722,-0.1590788830389572
-1.0120728718702565,-0.24811389824403546,0.4109962534629318,0.4089620255620914,-1.624997086124396,-0.6620291843410734
0.9880711436836102,1.3628867576104828,-0.5184172389509366,-1.2542355518308899,0.3830141572197101,0.7114294068368601
-1.0120728718702565,0.15642686470662673,-1.1577190430916067,1.3488166210110009,-0.38426277707742335,-0.78918157209269
-1.0120728718702565,0.7229269501922289,-2.0453325512316747,0.5408091037563931,0.8512974889888811,-0.4011062327013211
0.9880711436836102,0.7819926707958766,-0.4860273696979516,0.66703839595737,-2.0861071805366476,-0.7831559431479838
-1.0120728718702565,0.19367226481293545,0.42366702271763657,-0.4955167837421363,-1.080320307308165,-0.12484078428222978
0.9880711436836102,1.1009942444866432,1.813818963481927,0.07643529412515306,3.279384015663781,3.3254850409370036
-1.0120728718702565,0.03499835417125555,0.9729051498314718,0.437429852485455,1.9279525214773103,1.5161282240503062
0.9880711436836102,-0.18784209858127587,2.282718349339671,-0.08331851432278432,0.35830260908039796,1.4447458746101667
0.9880711436836102,-0.8326389949806886,0.7059843541661269,-0.8287547657474972,-0.7280812583307492,-0.42774410579450695
0.9880711436836102,0.14839704244629892,0.47217450615632706,-0.2409450656057842,2.0564266979038086,1.3409565764989935
-1.0120728718702565,-0.15381664330828626,1.5100206535544964,0.4419369165895258,-0.024157880970120206,0.8152544739209193
0.9880711436836102,0.3591530397139446,0.21709061505052107,-0.6321732133558879,0.5211028449541649,0.5999667739055162
-1.0120728718702565,1.7486710128028262,-0.2813344039940894,0.9126354488677267,1.1008628724650786,1.4323224107132266
-1.0120728718702565,-1.5594795350785908,-1.0708483926570862,-0.07554336355653381,-0.8119595233986782,-2.0050861378986755
-1.0120728718702565,-1.2378279436749138,0.41952306773283854,-0.5568799374058105,0.49181424812225044,-0.2854293260699851
-1.0120728718702565,0.642301384761845,0.26671420347036784,0.5584614009353944,0.6420152533197819,0.8628821138280219
-1.0120728718702565,-0.4988750941997677,-0.5091571025175411,0.22575898096522087,-0.19302912158079893,-0.7122818957512363
-1.0120728718702565,0.2328169548702268,-1.2744308958590687,0.48910312127769606,1.2162873683488045,-0.06558255751885045
0.9880711436836102,-1.3636386899572817,-1.8668630588582533,-0.2236225899767615,1.6633944266956944,-1.213770927285786
0.9880711436836102,-0.2520573304300962,-1.4217380734039278,-0.10390411404844792,-0.32704773980915275,-1.1785242793369635
-1.0120728718702565,0.22979200484733647,-1.0357681247944992,-0.6005260900457416,-1.5631276890317438,-1.2196253899506377
0.9880711436836102,0.15421074394385242,0.35063337965227126,-0.31437905116763504,-0.4341328795838444,0.1074630559107874
-1.0120728718702565,-1.8814532578388385,-1.7760756972996548,0.3293066949549528,1.0627653410231022,-1.7613977089499273
0.9880711436836102,-0.1122932268291729,-0.46527376726821607,-0.15989942885716577,-0.10060445811384464,-0.40150907406849795
-1.0120728718702565,0.30856797497271954,0.5121049942944628,0.5813206308453253,0.5167499944482722,0.7462024559677773
-1.0120728718702565,1.8913535486860493,-0.944292452610146,0.759358702754948,-2.1448945337045564,-0.3993707304249818
-1.0120728718702565,0.5558470893780697,0.8377085238337788,-0.9333204761266976,-1.5099026188868967,0.15312146036312918
0.9880711436836102,-1.3494715255989558,-0.4550438719400246,-0.2169093014317809,-0.2666368367804964,-1.243559984079006
-1.0120728718702565,0.7876217151135313,-1.6342741246469676,-0.31001281972761213,0.13449232895131727,-0.44478975425975964
0.9880711436836102,-0.5170218097226662,0.14950563376677156,0.5135388823489025,-1.4025365526012825,-0.8855800569356662
0.9880711436836102,-0.8934216994136266,-1.7567934262950367,-1.2079688510196622,-0.6263380986265885,-1.9226082523258115
0.9880711436836102,-1.020681264614692,-1.0661670712788076,-1.4138358159535211,-0.32199214185008124,-1.4379795565039826
-1.0120728718702565,-0.6886918645331167,2.5953468690575647,-1.2058556317930373,0.48592819389641584,1.3831924404951028
-1.0120728718702565,-0.3181929703530427,0.6850680615335384,-0.528350440464191,0.7182461029359093,0.555551438822861
0.9880711436836102,-0.39687847492019224,-0.8093388911400196,1.385116935869563,-0.11272808824743644,-0.7944953458864549
0.9880711436836102,-0.9545405951333963,-0.5567357570604223,-0.588114176582857,2.4388567345360204,0.20335174183237612
-1.0120728718702565,-1.630272750526725,-0.6170889017212,-0.4028125230365711,0.6119895187931987,-1.1074304287400127
-1.0120728718702565,0.08408311508096049,-0.464814661728735,-0.4765787448734623,1.4655130677233517,0.4524544072953392
-1.0120728718702565,-0.11739393793449869,0.12263481316664898,-1.68618364237329,1.0183475252002683,0.47750359015917615
0.9880711436836102,0.5626286527885055,0.05659548546002015,1.0376135910255986,-1.378384589412203,-0.2585112245935967
-1.0120728718702565,-0.51708159359495,-2.0248075183929726,1.6283034379181747,-0.6382077993386985,-1.8571879437841265
-1.0120728718702565,1.130917178465299,-0.2258846773174539,-0.8871420081700758,-1.1711928576137727,0.019909833134382465
0.9880711436836102,2.035084372996761,0.5151010481533244,-0.013540145373384126,-0.1705069299328384,1.5034069241736296
-1.0120728718702565,0.6672877978121062,-1.0891320799686504,0.5490935758952061,0.2525771286305599,-0.13155114060012377
-1.0120728718702565,0.6095762766982071,0.8668533850365047,0.7221450354263309,-1.4054580924467435,0.2532825835904025
0.9880711436836102,2.0554922946499508,0.20246516934922484,-0.24156457957275665,-0.13149193641287138,1.3433127553802082
0.9880711436836102,-0.08444611164302519,-0.6641084812505418,1.7327121016596578,-0.24559803433964514,-0.5730133119933636
0.9880711436836102,0.0394810230098067,-0.553349808482243,0.00509354002214625,-0.311779656230237,-0.4589329562914661
-1.0120728718702565,1.4381449939058264,0.9737851020441999,0.41501877971102197,-1.1251224009122758,0.9659916286304484
0.9880711436836102,-1.1947891095978975,0.7265245302662506,-0.06414138152518054,-0.3757890700274855,-0.47627447927807676
0.9880711436836102,0.6500943949907737,0.6969447610958533,0.21560414834242286,-1.0284408912036465,0.35069511918637625
-1.0120728718702565,-1.2689637777924365,1.0514207116925087,0.19120724607004566,0.6914308768446574,0.17403280693747225
0.9880711436836102,-1.8352036071566267,-0.6613415118792623,0.3116283427289994,0.6791335119640872,-1.2307404449635946
0.9880711436836102,-1.7997327529140692,-0.14907146265882415,0.5481390609263987,0.9096786173217195,-0.7881927907959124
0.9880711436836102,-0.4003049615968742,0.40083450837065215,1.6785863936836551,0.9760407256831513,0.45114139070311254
-1.0120728718702565,0.6076038756116979,1.8811442042613848,-0.0031936102036879805,-2.3279861295960904,0.44098517663953885
0.9880711436836102,-0.3904369580803999,-0.6748924121064609,-0.6691144683120281,0.00560568305178494,-0.6528930512838741
0.9880711436836102,1.4503113412393556,0.19666623507847167,-0.026680465801055802,-1.6951347440487528,0.23235764618152074
0.9880711436836102,0.32566644974166864,0.7717426261909498,0.06924090238001883,0.2826006464228584,0.806489557315031
-1.0120728718702565,-0.4076560669757066,-0.15412964982102273,0.14931591748177403,-2.1303593646040557,-1.3431145725282776
0.9880711436836102,0.25931876293618733,2.476678016821878,1.0159261927335206,-0.2534418029575688,1.5564404585895812
-1.0120728718702565,-0.819277842125419,-0.14942357064296388,-1.9531030300071086,0.4469622379074752,-0.39344069446914576
0.9880711436836102,-1.4444395773359164,0.9255204299613518,0.8769194332117315,-0.40965263437133637,-0.5262762810438788
-1.0120728718702565,-0.4065996125728408,1.0868706231023897,-0.06931683532986195,1.6194799093459944,1.1665286422338403
0.9880711436836102,1.3665872956252405,0.48112409667857065,1.2176262378692815,1.301907137479613,1.753330462291165
0.9880711436836102,0.12248048728891973,-0.24986588822856395,-1.9847757906572225,2.450413948393818,1.067701858909236
-1.0120728718702565,-1.8168755339645446,0.23493601078852885,-0.3143732118764473,0.5572800430775133,-0.7287049888485427
-1.0120728718702565,-0.23791865728406641,0.10080767966033251,1.8759877978777633,1.8316515534614943,0.7682334273289461
-1.0120728718702565,0.5059540838363842,1.0305601621707137,0.6560465026354483,-0.8125563590601689,0.5655686132692609
0.9880711436836102,-0.33436450592394384,-1.2740966954978823,-1.4879353002590552,0.729828242508489,-0.6457625851459491
-1.0120728718702565,1.3152593090367921,0.3296121849735474,-0.7454632407551564,-1.4893755907697077,0.3257787496334135
-1.0120728718702565,-1.4008645225850263,-0.9150597955588802,-0.11084716409913278,0.14790042422173172,-1.362979340289492
0.9880711436836102,0.8363269068343187,1.1336136963431764,-0.4827113317746601,0.6555617897894431,1.5198644250232995
0.9880711436836102,-0.6546683977485234,-0.6316330895626777,0.2108514059735646,0.09181753020047739,-0.7511624384976402
-1.0120728718702565,-0.28047607267468144,1.207526812647738,-0.9949967502331235,1.4000380441623592,1.2166498067792537
0.9880711436836102,2.0550383371764944,-0.14689790984806703,0.0010536134753571919,-1.0163078190394783,0.7165945855241233
-1.0120728718702565,0.443071006229296,-0.3871682375423075,0.21018905351594047,-1.7482828070480214,-0.7768685175822105
0.9880711436836102,-0.5240889715041134,0.7907071127969043,-0.7208939907447625,-0.6347626100957489,-0.13988302740551545
0.9880711436836102,-0.6624113030881211,1.4811207377057622,0.5773487566844376,1.1283306871328027,1.0188424575189803
-1.0120728718702565,-0.7578107714966317,-1.2451428018979454,-0.5070296816091826,-0.8639949461441383,-1.6362419631790557
0.9880711436836102,-0.7332164431938023,0.7754657122644426,-1.650433703229771,1.9113437889591296,0.9090578164583024
0.9880711436836102,1.1711750682369226,-1.3440697182168722,0.5865764662772408,0.9434135557019698,0.34945443311405666
0.9880711436836102,0.16467879923901993,-0.40705765710756797,0.16298017730515793,0.19988793251231737,-0.05278952085599576
0.9880711436836102,-0.623728531985274,0.3163691432738579,0.6046785845343995,-0.08494875752003983,-0.23507826113431424
-1.0120728718702565,1.8558268411290297,-0.025861133065512697,0.46026661343175157,1.3233569177268674,1.7589247097665748
0.9880711436836102,-1.3679543094611382,-0.03457448870958055,0.08765818973760639,-0.8051210527195791,-1.2499202539905905
-1.0120728718702565,1.0702265404178462,0.87097544665431,-1.8687617686321851,1.68749659440713,1.9867706605272615
-1.0120728718702565,-1.2130357250214552,0.46370920577297364,0.2452051202168096,-0.2491384156787478,-0.5889105512003892
-1.0120728718702565,0.18471456995685112,0.004143962891282661,0.9638356157289122,-0.5086723759382643,-0.119887719989823
-1.0120728718702565,-1.7881209278750658,-0.13192171525003024,-0.42292423074530333,-1.741085746286812,-2.007948063631173
0.9880711436836102,1.9398895608176967,0.38729924662929505,-0.46074019884096845,2.155013007640004,2.451978000830783
-1.0120728718702565,0.29501725707218357,0.13613467790863093,0.6470497023818975,-0.7646130110761366,-0.08987000695261213
-1.0120728718702565,-0.42117537805067534,-0.10813358797835111,-0.45158674727952547,-0.5042337251831152,-0.5641143249220828
0.9880711436836102,-1.2541173897076234,0.4602322667638534,0.1666931448571163,-1.6721436632043372,-1.2813126250744715
-1.0120728718702565,1.8797238272514756,-0.04169428230423102,2.3705423936867174,1.4578292016150547,1.8266502801086033
-1.0120728718702565,-0.061153196931337764,0.08944126652539429,-0.9396809626391411,0.14448908704356442,0.0839168063833095
-1.0120728718702565,1.3086245525255416,-0.29709877263351514,2.161624543985058,-1.3281237446589507,0.01413029148965659
0.9880711436836102,-1.231322911881139,-1.8447738353114052,-1.3272455556227625,-0.8550516732832993,-2.293586983429661
-1.0120728718702565,0.3386819669311475,1.260963516203713,-1.1568193070319075,-0.9514388332118059,0.537222892511644
0.9880711436836102,2.072270177415807,0.840048216312135,-0.4434339945629472,-0.3784710785530724,1.628067601937913
-1.0120728718702565,0.3823934269677874,0.47064354851356044,0.3755949690696459,-1.6123924408021213,-0.22675391168106473
0.9880711436836102,-0.2687842564557562,0.4271487719895211,0.7114032240795111,0.2360790834292153,0.20374048318491392
0.9880711436836102,-0.3845423156958492,-0.40633713722236,0.9383778151744611,-0.314884449570833,-0.6349108673026117
-1.0120728718702565,0.23848021749767392,-0.44325312674407796,1.9627125868249848,-1.8173886210204107,-0.9703372621402593
-1.0120728718702565,-1.1632519985219125,-0.1670575825313522,1.7381850557888194,-0.9232698550493588,-1.2582871599361296
0.9880711436836102,0.3435798296378034,1.6995085232090543,0.8631878037927103,-1.1207143016354981,0.729076733356785
0.9880711436836102,-0.7573962576037381,-2.152513014590468,-2.2488387613707066,1.145827744622829,-1.2518786888805962
-1.0120728718702565,-0.5733943981703485,0.1954546783700417,0.24155086402092657,-0.4401186383992766,-0.443241809588365
0.9880711436836102,-2.0879246873857866,0.6798847998416894,-2.2609065207126964,0.6967566896946505,-0.5607415438124052
0.9880711436836102,-0.390037979488338,0.8458745273415195,0.5723669898217181,-1.3063302096637166,-0.3363503177785985
-1.0120728718702565,1.1369226417546054,0.09056775582380096,-0.7130514092760154,1.9100103047496455,1.6556634592942543
-1.0120728718702565,-0.7579148039403685,1.1939785176944329,-0.10025642382767633,0.2964346067479596,0.395401845589688
0.9880711436836102,-1.0695235967973804,1.0536123987833368,-0.6003082165496786,-0.7701259646375912,-0.38232637256403396
-1.0120728718702565,-0.44999850857941603,1.997011926049193,1.1987571854894912,-0.9455331894691774,0.49790730182755716
0.9880711436836102,-1.1138104651568286,-0.9421643364261326,-0.15780044408621852,0.1724188344113942,-1.1894347638113314
-1.0120728718702565,-0.6131284122055264,1.4486996085872916,-0.6845052376207422,-0.3784207945055772,0.3261055280418822
0.9880711436836102,-0.5407818260042984,-0.5655519508878858,-0.45842344356627057,-0.21484277446352795,-0.7828527998019456
-1.0120728718702565,-1.0290649876269662,1.178153323692906,-0.8878953031268605,-0.4268931107803684,-0.12118682147040302
-1.0120728718702565,-0.4517705879648149,-0.46522871296498863,0.3498629794535992,2.068725373905126,0.4001936428810531
-1.0120728718702565,-0.334407928990435,-0.19896017404803618,-0.4490517383839331,0.9821537278152732,0.1285852281340022
-1.0120728718702565,-0.6580287336263525,-0.41255071118256353,0.3525183134937364,-0.9995254850206421,-1.128758671167294
-1.0120728718702565,-0.04986450690235517,-1.6006591197859015,-0.5061375200226679,-0.2276863979315478,-1.1151252327488663
0.9880711436836102,-0.05932238625521086,-0.271843737599416,-0.3802883500713751,-1.3038316957456588,-0.8116029545082942
0.9880711436836102,-0.8062921760986604,-0.5166746750779817,-0.8661219128519201,-1.1714553222986448,-1.3649592229974825
0.9880711436836102,-0.16145617986999114,1.5300289081638343,-0.1557870419108615,0.4446126714593532,1.0416605293283239
0.9880711436836102,1.4719354161231553,-1.772026365246857,-0.40058103535590556,-0.05858648874886033,-0.192350582123463
-1.0120728718702565,1.9404449337085206,-1.8593854241373389,-1.1034359751062042,1.1022752027347644,0.588168286769481
-1.0120728718702565,0.6628695020512364,-1.1444493473701338,-1.6307320480827512,-1.2360604279155711,-0.8629460537325879
-1.0120728718702565,-0.246428925941516,0.6930503573087505,-0.3057138666532673,-0.6399860436236755,-0.028945766130014042
-1.0120728718702565,-0.27826439809668796,0.2424079440137841,-0.7808828597396732,-0.9561344261397168,-0.47152762456385156
0.9880711436836102,-0.8250053134822949,-0.37206698466550797,2.893328783283938,0.9790695634281558,-0.2845399148005959
-1.0120728718702565,-1.712514277048444,-0.6568854166856969,1.01376413449475,-0.8497787032716643,-1.865309489033406
0.9880711436836102,-0.26443251797338785,-0.20655122884617894,-0.7090855778089608,0.3235338424739309,-0.13980952985968473
-1.0120728718702565,-0.5044260229148846,0.297492032559292,1.15370478470297,-0.7725681355498074,-0.493216186244968
0.9880711436836102,-3.292193355150682,0.7133331706660473,-2.7276165838708484,0.36415423960895593,-1.446183445838755
-1.0120728718702565,0.7989547076603398,1.2138249237258392,-0.9224650349963301,-1.074389586722891,0.7378111307481207
0.9880711436836102,1.2158527479584886,1.328323854624088,1.3858339459746805,1.1037883624006724,2.084892885400428
0.9880711436836102,-0.25927676651289405,-0.140214237050498,0.08703927507687835,0.27083615204679584,-0.12083995274783073
0.9880711436836102,0.7850638528603496,0.4792072796684986,0.19286460754929965,-0.6725223367283728,0.4681396947106435
-1.0120728718702565,-0.46598233460936567,-1.0831794944098536,-0.8978085324230662,-1.3257654266384722,-1.5708975605679096
0.9880711436836102,0.2849180406559912,0.3184521623891497,-1.6338939872525033,-0.06875218298998205,0.34007532265796436
0.9880711436836102,1.164269484624305,0.3744667793311976,-1.625177795436573,1.095007166098775,1.4656920517050211
-1.0120728718702565,0.15372731795055294,-0.3307198732880946,-1.4198682369492657,0.4389452369561984,0.09864542987290832
-1.0120728718702565,-2.642341136618629,-1.4569775187116916,0.5084916479491378,-1.5730989145904568,-3.27155640477751
0.9880711436836102,-0.19313416625327554,0.1469877614236399,-0.5295344088224241,0.42438692193108907,0.16746329002115865
0.9880711436836102,0.029137681692268533,-0.5844900853964441,-0.3818462901160721,-1.5112770097175774,-1.044618033818664
-1.0120728718702565,-1.6867871087878434,2.178540584742195,0.34625329970778657,0.31199264701610246,0.42512442371751097
0.9880711436836102,-0.4333784340091187,0.8233272058102299,-0.13995870015016937,-0.17750283835299863,0.15003775696379923
0.9880711436836102,0.16374994808115031,-1.4334210119213866,0.7447126651229425,0.8397544586541964,-0.3816699790192753
-1.0120728718702565,0.2389502095895525,-1.4338902169599277,-2.031918685230055,-0.18480394084278168,-0.813261956191204
-1.0120728718702565,-0.7232039549813112,-1.8303501118793257,0.03382532993191756,0.44446175413576655,-1.3614998310960693
0.9880711436836102,-0.9654946043739897,-0.2989009404860617,0.6964821424636474,0.49227077482867543,-0.5544057870201755
-1.0120728718702565,-0.890822593276507,0.3894255384373346,0.18805533990075599,0.7237418856032232,0.020519029957981293
0.9880711436836102,0.9614089593116765,1.17733966825958,-0.42938271688198976,-1.4628112323186253,0.6352321909018322
-1.0120728718702565,0.89451153889319,-0.24203758244410845,-0.0043640917328939465,0.786594075273043,0.7768309872141248
-1.0120728718702565,0.6524132622663024,2.594025582078727,0.07732293265650093,-0.8430244477297181,1.5976386572117998
-1.0120728718702565,1.0387726435039222,-2.5171135119974206,0.35871740933057533,-1.2267138634269237,-1.4630710347659333
0.9880711436836102,-1.4032097997465107,-0.5737832256584823,-0.2208999184722934,-0.6838120254251397,-1.5445995475376308
-1.0120728718702565,-0.36846491654567276,0.5811114330289309,-0.42672687189670144,0.4818588904124669,0.35026445874583506
-1.0120728718702565,-1.2203426106838708,-1.5726806267047275,-1.0541556773346261,0.4939644919147645,-1.4908327668315604
-1.0120728718702565,1.6783520951198694,1.6626129319726597,-0.1536513310565554,0.6507510276229181,2.365613096625869
-1.0120728718702565,-0.338625895522792,0.2768487317469631,-0.5072817956025353,0.8546516334995883,0.3570627025223575
0.9880711436836102,-0.8732323107533878,0.24734855258211919,-1.341506400857046,-0.5199777934693981,-0.6360629941330673
0.9880711436836102,-0.572339741561724,-0.3322074624434069,1.5897506725703057,1.2565997784328364,0.027040449796351985
-1.0120728718702565,-1.7479626507083004,0.9777589273408112,0.4466485337548979,-0.7511974476665647,-0.8428000392279706
0.9880711436836102,0.7587777073384753,0.33876977573952566,-0.8143172468111696,0.7246249418654787,1.0181348226162434
-1.0120728718702565,1.2603170747934702,-0.6573497113902179,-1.5046989645575262,0.007929610253949351,0.3878216219699784
0.9880711436836102,-0.6884589090400972,-0.17323808593505394,0.9701711749458856,-0.5234976646807471,-0.7792169379710209
0.9880711436836102,0.5680286771892286,-1.024131299453899,-0.8639968779110937,-0.9490860971163005,-0.714718755520171
-1.0120728718702565,1.4269169508910933,-0.05955569371973732,0.5604126175571575,-0.055282039925260124,0.8270535529323627
-1.0120728718702565,0.5721151099187681,0.31811283701116366,-0.13368244528400916,0.578927128250341,0.8213452676976974
0.9880711436836102,-2.1587523406929057,-0.5725125935519654,0.33339258361440666,-0.8941295123450403,-2.1127894504788225
0.9880711436836102,0.8438326149905054,0.07290339411963846,1.3453861765782684,-1.0616662967979473,0.07487923684195226
-1.0120728718702565,-0.35815163966721353,1.2313120549591925,0.21957258560105963,1.089502417280611,1.0376939689596538
-1.0120728718702565,1.9858748742726577,0.1564295220546971,2.1146078732334983,-0.40774570932448745,1.1428987515124387
0.9880711436836102,1.7783182343969495,-1.9387511007259484,-0.240512801704663,0.8062248044046598,0.3004855013234262
0.9880711436836102,-1.2020888254109843,0.4102233612431656,-0.2857898849553641,0.5268657870761508,-0.25274640828870615
-1.0120728718702565,-0.3608389970521442,-1.0328806970009907,-2.5000479420660646,-0.4862503093845317,-1.0830544117019396
-1.0120728718702565,-0.5691486254191744,-0.047152327690537614,-2.5856636419968644,0.37909761631903494,-0.20675454011617736
-1.0120728718702565,1.0836785602927292,0.19696369902501198,-0.7698713301730513,1.3462279603620488,1.424273749763672
0.9880711436836102,-0.061345392803208665,0.1364015722247576,0.3166654069964756,-0.6653508829109819,-0.26549175484603305
0.9880711436836102,0.4962477927273867,1.4019363423355538,0.1333558040854739,-0.7900735702534728,0.7967897600284588
-1.0120728718702565,1.1097955851901034,0.8807606099255507,0.06413057156149765,0.5318608104491804,1.4780977649146678
-1.0120728718702565,-0.4192119395894696,1.3289747043877278,1.0618347580022145,-0.472344676381368,0.3299324494846829
-1.0120728718702565,0.6932415107293178,1.3016427964951334,-0.8236210252639654,1.3475957759769837,1.8563209952698947
-1.0120728718702565,-0.599577474755798,0.839500614425323,-0.7492741037914983,0.6356275768710947,0.43592917248407714
0.9880711436836102,-1.0788866145898939,-0.5206905602379308,0.772818667715029,-0.40987154365961914,-1.1817424034952948
0.9880711436836102,0.9662451537866965,0.5783210632346495,0.2880232562597443,1.921144371547019,1.8525133186049
0.9880711436836102,1.620754092229372,-1.0533354131038566,1.2638474923900687,-0.5401902581662006,0.11450552773659542
0.9880711436836102,0.06140831540092344,-0.0647094908415374,-0.06205456706035277,0.1815309765095344,0.08338534407863869
